G124.02	2	BF	12720	22.0	0.5778310298919678	40
G124.02	2	BF	9324	30.0	0.3953068256378174	29
G124.02	2	BF	12307	21.0	0.5172898769378662	45
G124.02	2	BF	16827	25.0	0.7125866413116455	44
G124.02	2	BF	19539	27.0	0.8717269897460938	35
G124.02	2	BF	11391	20.0	0.4773116111755371	32
G124.02	2	BF	13873	22.0	0.6044204235076904	46
G124.02	2	BF	11657	31.0	0.4907400608062744	37
G124.02	2	BF	23588	20.0	1.0186758041381836	44
G124.02	2	BF	9845	27.0	0.4281125068664551	32
G124.02	2	G	73055	25.0	3.273686170578003	17
G124.02	2	G	76900	22.0	3.3140804767608643	18
G124.02	2	G	80745	22.0	3.5089492797851562	19
G124.02	2	G	57675	32.0	2.5670523643493652	13
G124.02	2	G	99970	22.0	4.466860055923462	24
G124.02	2	G	99970	21.0	4.175959825515747	24
G124.02	2	G	84590	23.0	3.5393917560577393	20
G124.02	2	G	73055	25.0	3.0896565914154053	17
G124.02	2	G	80745	22.0	3.4685611724853516	19
G124.02	2	G	65365	25.0	2.736207962036133	15
G124.02	2	EBF	11376	28.0	0.4671976566314697	35
G124.02	2	EBF	14940	23.0	0.6382768154144287	36
G124.02	2	EBF	10813	24.0	0.45209622383117676	36
G124.02	2	EBF	10575	23.0	0.449465274810791	48
G124.02	2	EBF	14960	21.0	0.623323917388916	37
G124.02	2	EBF	14464	21.0	0.6198370456695557	44
G124.02	2	EBF	10935	31.0	0.4670710563659668	31
G124.02	2	EBF	11942	27.0	0.500633716583252	41
G124.02	2	EBF	14097	27.0	0.6005256175994873	34
G124.02	2	EBF	11371	26.0	0.46654176712036133	35
G124.02	2	EG	53830	27.0	2.2912521362304688	12
G124.02	2	EG	69210	27.0	2.9331791400909424	16
G124.02	2	EG	73055	21.0	3.0588033199310303	17
G124.02	2	EG	73055	32.0	3.1127588748931885	17
G124.02	2	EG	76900	24.0	3.2433125972747803	18
G124.02	2	EG	84590	24.0	3.5569684505462646	20
G124.02	2	EG	73055	21.0	3.0995419025421143	17
G124.02	2	EG	65365	29.0	2.7518575191497803	15
G124.02	2	EG	76900	18.0	3.241253614425659	18
G124.02	2	EG	61520	29.0	2.5894157886505127	14
G124.02	2	ES	22083	31.0	0.9817190170288086	31
G124.02	2	ES	41924	22.0	1.8086438179016113	39
G124.02	2	ES	73253	23.0	3.276719808578491	34
G124.02	2	ES	13888	23.0	0.5620381832122803	40
G124.02	2	ES	46649	30.0	2.053805112838745	34
G124.02	2	ES	12268	32.0	0.5206751823425293	28
G124.02	2	ES	15917	25.0	0.6475734710693359	36
G124.02	2	ES	12041	25.0	0.4919555187225342	36
G124.02	2	ES	16143	25.0	0.6928455829620361	43
G124.02	2	ES	24867	22.0	1.0676829814910889	36
G124.02	2	EPNES	10295	28.0	0.5184216499328613	38
G124.02	2	EPNES	15620	28.0	0.7227041721343994	42
G124.02	2	EPNES	22375	21.0	1.0067620277404785	38
G124.02	2	EPNES	14319	24.0	0.664039134979248	36
G124.02	2	EPNES	12916	22.0	0.6114132404327393	40
G124.02	2	EPNES	15823	24.0	0.7500016689300537	34
G124.02	2	EPNES	9694	25.0	0.47650623321533203	36
G124.02	2	EPNES	12021	25.0	0.5809471607208252	39
G124.02	2	EPNES	18069	28.0	0.8241100311279297	40
G124.02	2	EPNES	14470	23.0	0.6885604858398438	43
G124.02	3	BF	20686	36.0	0.8635406494140625	49
G124.02	3	BF	29636	36.0	1.2429463863372803	50
G124.02	3	BF	20254	32.0	0.859562873840332	63
G124.02	3	BF	19543	36.0	0.8240563869476318	53
G124.02	3	BF	20514	31.0	0.851895809173584	57
G124.02	3	BF	21360	39.0	0.9097034931182861	43
G124.02	3	BF	19865	38.0	0.8184044361114502	57
G124.02	3	BF	27245	38.0	1.15303635597229	65
G124.02	3	BF	23711	38.0	1.0065970420837402	49
G124.02	3	BF	21992	35.0	0.9236068725585938	55
G124.02	3	G	148204	35.0	6.251223087310791	26
G124.02	3	G	148204	36.0	6.310311794281006	26
G124.02	3	G	148204	35.0	6.2502429485321045	26
G124.02	3	G	127032	35.0	5.448416709899902	22
G124.02	3	G	116446	42.0	4.983045339584351	20
G124.02	3	G	132325	34.0	5.60719108581543	23
G124.02	3	G	153497	40.0	6.470359563827515	27
G124.02	3	G	127032	41.0	5.369464159011841	22
G124.02	3	G	132325	33.0	5.602906703948975	23
G124.02	3	G	137618	37.0	5.816656827926636	24
G124.02	3	EBF	26676	34.0	1.1284611225128174	62
G124.02	3	EBF	15398	35.0	0.6627054214477539	49
G124.02	3	EBF	29283	33.0	1.249418020248413	61
G124.02	3	EBF	20967	38.0	0.8949949741363525	52
G124.02	3	EBF	17384	38.0	0.7706015110015869	50
G124.02	3	EBF	22430	42.0	0.9813108444213867	56
G124.02	3	EBF	30726	39.0	1.3596718311309814	52
G124.02	3	EBF	37775	29.0	1.6218783855438232	56
G124.02	3	EBF	19458	39.0	0.8468396663665771	50
G124.02	3	EBF	31404	30.0	1.3532378673553467	65
G124.02	3	EG	116446	36.0	5.0027546882629395	20
G124.02	3	EG	121739	36.0	5.285069704055786	21
G124.02	3	EG	121739	32.0	5.2390923500061035	21
G124.02	3	EG	142911	35.0	6.184540510177612	25
G124.02	3	EG	132325	36.0	5.713384628295898	23
G124.02	3	EG	137618	33.0	5.927278280258179	24
G124.02	3	EG	116446	32.0	5.01827597618103	20
G124.02	3	EG	142911	34.0	6.193952560424805	25
G124.02	3	EG	132325	38.0	5.707713842391968	23
G124.02	3	EG	153497	33.0	6.629109144210815	27
G124.02	3	ES	33556	40.0	1.5049853324890137	50
G124.02	3	ES	30369	45.0	1.3532607555389404	41
G124.02	3	ES	16487	35.0	0.6997153759002686	53
G124.02	3	ES	40623	34.0	1.7660753726959229	49
G124.02	3	ES	28079	30.0	1.2000908851623535	47
G124.02	3	ES	21141	37.0	0.9167368412017822	51
G124.02	3	ES	29158	37.0	1.2901856899261475	53
G124.02	3	ES	17688	34.0	0.7470238208770752	45
G124.02	3	ES	19584	37.0	0.8309354782104492	43
G124.02	3	ES	59656	35.0	2.614966630935669	53
G124.02	3	EPNES	21096	30.0	1.1272130012512207	59
G124.02	3	EPNES	35489	30.0	1.7260518074035645	56
G124.02	3	EPNES	27617	37.0	1.3979532718658447	56
G124.02	3	EPNES	23423	33.0	1.2200729846954346	54
G124.02	3	EPNES	24741	40.0	1.2477972507476807	59
G124.02	3	EPNES	30616	34.0	1.5239789485931396	57
G124.02	3	EPNES	17854	43.0	0.9241633415222168	45
G124.02	3	EPNES	16810	31.0	0.9486777782440186	57
G124.02	3	EPNES	27043	38.0	1.3354876041412354	46
G124.02	3	EPNES	22529	33.0	1.1556453704833984	51
G124.02	4	BF	25353	43.0	1.0895226001739502	57
G124.02	4	BF	24327	47.0	1.0363414287567139	43
G124.02	4	BF	38061	40.0	1.6432173252105713	57
G124.02	4	BF	37581	40.0	1.6023008823394775	65
G124.02	4	BF	30934	55.0	1.3390343189239502	53
G124.02	4	BF	33686	43.0	1.4492840766906738	63
G124.02	4	BF	31669	41.0	1.3735427856445312	66
G124.02	4	BF	25470	45.0	1.0936880111694336	70
G124.02	4	BF	40052	38.0	1.6987340450286865	69
G124.02	4	BF	35549	41.0	1.5285913944244385	59
G124.02	4	G	153762	46.0	6.558287143707275	27
G124.02	4	G	153761	43.0	6.806217908859253	26
G124.02	4	G	153762	42.0	6.598027467727661	27
G124.02	4	G	144175	44.0	6.124783515930176	23
G124.02	4	G	153762	41.0	6.4889116287231445	27
G124.02	4	G	149942	47.0	6.4167258739471436	24
G124.02	4	G	153761	48.0	6.566139221191406	26
G124.02	4	G	153762	41.0	6.5401787757873535	27
G124.02	4	G	153762	49.0	6.542791843414307	27
G124.02	4	G	153760	45.0	6.534248113632202	25
G124.02	4	EBF	29152	45.0	1.2849130630493164	64
G124.02	4	EBF	31557	38.0	1.4080352783203125	65
G124.02	4	EBF	27450	41.0	1.192948341369629	58
G124.02	4	EBF	24915	44.0	1.0798752307891846	68
G124.02	4	EBF	30280	42.0	1.3194849491119385	59
G124.02	4	EBF	23676	45.0	1.052048921585083	49
G124.02	4	EBF	36844	44.0	1.5956604480743408	66
G124.02	4	EBF	24834	49.0	1.090449571609497	50
G124.02	4	EBF	38601	43.0	1.662247896194458	57
G124.02	4	EBF	22738	47.0	1.0329546928405762	59
G124.02	4	EG	153762	39.0	6.623574495315552	27
G124.02	4	EG	153762	37.0	6.638733863830566	27
G124.02	4	EG	153762	42.0	6.662782192230225	27
G124.02	4	EG	153761	45.0	6.64649510383606	26
G124.02	4	EG	153761	42.0	6.621771574020386	26
G124.02	4	EG	144175	45.0	6.2481689453125	23
G124.02	4	EG	153761	46.0	6.785332679748535	26
G124.02	4	EG	153762	41.0	6.84957218170166	27
G124.02	4	EG	153762	41.0	6.822597026824951	27
G124.02	4	EG	153761	43.0	6.874751567840576	26
G124.02	4	ES	47431	43.0	2.155327796936035	62
G124.02	4	ES	25378	47.0	1.099363088607788	48
G124.02	4	ES	47525	35.0	2.0348737239837646	67
G124.02	4	ES	57552	42.0	2.50951886177063	61
G124.02	4	ES	58821	37.0	2.5148003101348877	70
G124.02	4	ES	72451	43.0	3.3222155570983887	59
G124.02	4	ES	36219	38.0	1.527635097503662	57
G124.02	4	ES	41534	49.0	1.7719099521636963	45
G124.02	4	ES	25870	43.0	1.1102075576782227	56
G124.02	4	ES	85543	41.0	3.76542329788208	60
G124.02	4	EPNES	28358	42.0	1.4763717651367188	56
G124.02	4	EPNES	31175	41.0	1.594346523284912	63
G124.02	4	EPNES	26608	43.0	1.3991143703460693	57
G124.02	4	EPNES	34235	43.0	1.712174654006958	61
G124.02	4	EPNES	25988	45.0	1.387014627456665	55
G124.02	4	EPNES	46575	44.0	2.228050708770752	58
G124.02	4	EPNES	32520	46.0	1.6614634990692139	60
G124.02	4	EPNES	28066	46.0	1.4270737171173096	49
G124.02	4	EPNES	26225	44.0	1.3513672351837158	57
G124.02	4	EPNES	26472	45.0	1.3547985553741455	50
G124.16	2	BF	15422	471.0	4.425330400466919	76
G124.16	2	BF	14545	480.0	4.16331672668457	64
G124.16	2	BF	24095	459.0	6.889733076095581	83
G124.16	2	BF	26871	477.0	7.67865252494812	76
G124.16	2	BF	17142	477.0	4.8923211097717285	65
G124.16	2	BF	17786	477.0	5.113486051559448	89
G124.16	2	BF	14718	476.0	4.212185382843018	55
G124.16	2	BF	31326	472.0	8.921932935714722	69
G124.16	2	BF	26385	474.0	7.504868984222412	63
G124.16	2	BF	20593	485.0	5.883694410324097	73
G124.16	2	G	88435	480.0	25.343430519104004	21
G124.16	2	G	88435	480.0	25.363203525543213	21
G124.16	2	G	107660	489.0	30.835392236709595	26
G124.16	2	G	107660	467.0	30.6607186794281	26
G124.16	2	G	115350	457.0	32.98317360877991	28
G124.16	2	G	134575	468.0	38.62253761291504	33
G124.16	2	G	103815	478.0	29.977856636047363	25
G124.16	2	G	99970	479.0	28.573877334594727	24
G124.16	2	G	92280	488.0	26.461452960968018	22
G124.16	2	G	99970	484.0	28.582823991775513	24
G124.16	2	EBF	25552	463.0	7.322531223297119	72
G124.16	2	EBF	20588	481.0	5.893366813659668	77
G124.16	2	EBF	12811	497.0	3.7491908073425293	70
G124.16	2	EBF	16072	482.0	4.728535175323486	59
G124.16	2	EBF	14591	459.0	4.279281139373779	73
G124.16	2	EBF	11449	490.0	3.360598564147949	53
G124.16	2	EBF	20451	480.0	5.9444215297698975	73
G124.16	2	EBF	28287	468.0	8.187045097351074	83
G124.16	2	EBF	41343	472.0	11.814410209655762	62
G124.16	2	EBF	25067	474.0	7.1724512577056885	66
G124.16	2	EG	84590	462.0	24.24183416366577	20
G124.16	2	EG	107660	472.0	30.863917589187622	26
G124.16	2	EG	92280	465.0	26.404247045516968	22
G124.16	2	EG	92280	484.0	26.439568996429443	22
G124.16	2	EG	103815	471.0	29.73701763153076	25
G124.16	2	EG	92280	478.0	26.49165654182434	22
G124.16	2	EG	99970	484.0	28.624783277511597	24
G124.16	2	EG	134575	453.0	38.51541066169739	33
G124.16	2	EG	115350	474.0	33.113524198532104	28
G124.16	2	EG	96125	487.0	27.54995083808899	23
G124.16	2	ES	90332	461.0	26.180268049240112	94
G124.16	2	ES	29194	475.0	8.363863468170166	77
G124.16	2	ES	19013	463.0	5.427145481109619	79
G124.16	2	ES	56512	474.0	16.377986669540405	67
G124.16	2	ES	36777	479.0	10.494340658187866	69
G124.16	2	ES	42989	485.0	12.352331399917603	62
G124.16	2	ES	32544	462.0	9.263409614562988	86
G124.16	2	ES	29803	479.0	8.602907180786133	65
G124.16	2	ES	18820	477.0	5.380237817764282	67
G124.16	2	ES	26008	474.0	7.425273656845093	79
G124.16	2	EPNES	29999	461.0	8.815887689590454	90
G124.16	2	EPNES	12296	493.0	3.714153289794922	59
G124.16	2	EPNES	17340	466.0	5.236835479736328	85
G124.16	2	EPNES	15865	472.0	4.764439821243286	69
G124.16	2	EPNES	23308	472.0	6.898222208023071	75
G124.16	2	EPNES	21141	466.0	6.288963794708252	75
G124.16	2	EPNES	25971	456.0	7.6539695262908936	85
G124.16	2	EPNES	37783	462.0	10.981510639190674	78
G124.16	2	EPNES	31443	460.0	9.19076156616211	77
G124.16	2	EPNES	16831	486.0	4.996906995773315	64
G124.16	3	BF	25241	658.0	7.489334583282471	98
G124.16	3	BF	35966	654.0	10.60085678100586	104
G124.16	3	BF	54242	651.0	15.994690418243408	107
G124.16	3	BF	41438	663.0	12.239919424057007	106
G124.16	3	BF	31322	656.0	9.253233432769775	90
G124.16	3	BF	48849	649.0	14.409927368164062	112
G124.16	3	BF	57433	667.0	16.978631496429443	102
G124.16	3	BF	23245	656.0	6.88149619102478	111
G124.16	3	BF	30734	656.0	9.091530323028564	123
G124.16	3	BF	29605	661.0	8.76345157623291	106
G124.16	3	G	132325	679.0	39.08410406112671	23
G124.16	3	G	153761	658.0	45.439470291137695	29
G124.16	3	G	153760	665.0	45.46056151390076	28
G124.16	3	G	153761	656.0	45.50128793716431	29
G124.16	3	G	153761	658.0	45.47324275970459	29
G124.16	3	G	153760	662.0	45.49592900276184	28
G124.16	3	G	132325	685.0	39.149405002593994	23
G124.16	3	G	153761	654.0	45.31024098396301	29
G124.16	3	G	153761	648.0	45.60354566574097	29
G124.16	3	G	153761	651.0	45.3887505531311	29
G124.16	3	EBF	43717	645.0	12.94091010093689	110
G124.16	3	EBF	62717	658.0	18.537653923034668	105
G124.16	3	EBF	47911	640.0	14.146491765975952	95
G124.16	3	EBF	33503	658.0	9.925001621246338	113
G124.16	3	EBF	52343	657.0	15.563182353973389	96
G124.16	3	EBF	46096	665.0	13.666180849075317	101
G124.16	3	EBF	27610	653.0	8.177656173706055	94
G124.16	3	EBF	56925	638.0	16.833296298980713	110
G124.16	3	EBF	37374	650.0	11.061161756515503	99
G124.16	3	EBF	32250	648.0	9.534018516540527	95
G124.16	3	EG	153760	668.0	45.55023455619812	28
G124.16	3	EG	153761	666.0	45.42975330352783	29
G124.16	3	EG	153760	664.0	45.38142514228821	28
G124.16	3	EG	153497	671.0	45.241370677948	27
G124.16	3	EG	153760	662.0	45.36861491203308	28
G124.16	3	EG	148204	660.0	43.80518937110901	26
G124.16	3	EG	153761	667.0	45.408332109451294	29
G124.16	3	EG	153761	676.0	45.31407403945923	29
G124.16	3	EG	153761	659.0	45.289939403533936	29
G124.16	3	EG	153762	661.0	45.30175852775574	30
G124.16	3	ES	51374	658.0	15.10554313659668	106
G124.16	3	ES	47778	643.0	14.11222505569458	87
G124.16	3	ES	55698	650.0	16.361418962478638	117
G124.16	3	ES	45751	649.0	13.405125141143799	97
G124.16	3	ES	62862	653.0	18.485053539276123	97
G124.16	3	ES	40429	649.0	11.889010429382324	106
G124.16	3	ES	97431	647.0	28.708545684814453	109
G124.16	3	ES	85438	649.0	25.199357986450195	101
G124.16	3	ES	131063	650.0	38.74235677719116	114
G124.16	3	ES	42151	650.0	12.391634702682495	100
G124.16	3	EPNES	24591	676.0	7.739114761352539	98
G124.16	3	EPNES	61104	654.0	18.517972946166992	110
G124.16	3	EPNES	43699	656.0	13.30567741394043	101
G124.16	3	EPNES	56169	642.0	17.023356676101685	111
G124.16	3	EPNES	54802	641.0	16.612990617752075	109
G124.16	3	EPNES	31619	657.0	9.816067218780518	110
G124.16	3	EPNES	45270	670.0	13.812742948532104	107
G124.16	3	EPNES	38128	652.0	11.706411838531494	102
G124.16	3	EPNES	46004	641.0	14.160347938537598	125
G124.16	3	EPNES	33659	655.0	10.405169486999512	100
G124.16	4	BF	73980	758.0	21.836716413497925	117
G124.16	4	BF	57100	748.0	16.8265118598938	136
G124.16	4	BF	77863	741.0	23.066697359085083	126
G124.16	4	BF	53535	753.0	15.829390287399292	133
G124.16	4	BF	70172	748.0	20.720837116241455	103
G124.16	4	BF	53906	733.0	15.971308946609497	115
G124.16	4	BF	61255	749.0	18.13350749015808	114
G124.16	4	BF	57427	757.0	16.999507665634155	105
G124.16	4	BF	49642	760.0	14.676144361495972	123
G124.16	4	BF	50508	761.0	14.924588680267334	122
G124.16	4	G	153762	769.0	45.3901093006134	27
G124.16	4	G	153762	777.0	45.49640226364136	27
G124.16	4	G	153762	786.0	45.400901317596436	27
G124.16	4	G	153762	783.0	45.569225549697876	27
G124.16	4	G	153762	777.0	45.446566343307495	27
G124.16	4	G	153762	762.0	45.392868518829346	27
G124.16	4	G	153762	767.0	45.40026354789734	27
G124.16	4	G	153762	769.0	45.36610746383667	27
G124.16	4	G	153762	772.0	45.36820363998413	27
G124.16	4	G	153762	788.0	45.42849016189575	27
G124.16	4	EBF	42936	760.0	12.722148895263672	118
G124.16	4	EBF	59636	753.0	17.704121828079224	118
G124.16	4	EBF	79598	754.0	23.56532120704651	129
G124.16	4	EBF	76986	741.0	22.727123975753784	131
G124.16	4	EBF	52605	753.0	15.590670108795166	111
G124.16	4	EBF	59305	752.0	17.551411628723145	122
G124.16	4	EBF	64887	751.0	19.246110439300537	118
G124.16	4	EBF	78590	754.0	23.25462794303894	124
G124.16	4	EBF	68184	749.0	20.1742901802063	128
G124.16	4	EBF	101621	750.0	30.056159496307373	127
G124.16	4	EG	153762	772.0	45.46743559837341	27
G124.16	4	EG	153762	774.0	45.460904598236084	27
G124.16	4	EG	153762	766.0	45.388643980026245	27
G124.16	4	EG	153762	785.0	45.53326988220215	27
G124.16	4	EG	153762	771.0	45.99972128868103	27
G124.16	4	EG	153762	771.0	45.695716857910156	27
G124.16	4	EG	153762	770.0	46.19105887413025	27
G124.16	4	EG	153762	777.0	45.529179096221924	27
G124.16	4	EG	153762	772.0	46.151005029678345	27
G124.16	4	EG	153762	769.0	45.76095628738403	27
G124.16	4	ES	79420	743.0	23.637695789337158	124
G124.16	4	ES	63961	746.0	18.982291221618652	120
G124.16	4	ES	121937	739.0	36.318570375442505	143
G124.16	4	ES	63106	750.0	18.780354022979736	119
G124.16	4	ES	30789	761.0	9.16965937614441	109
G124.16	4	ES	72457	749.0	21.546996593475342	122
G124.16	4	ES	56084	771.0	16.660552501678467	103
G124.16	4	ES	94721	746.0	28.223658323287964	107
G124.16	4	ES	87085	740.0	25.883676290512085	147
G124.16	4	ES	44483	744.0	13.244909763336182	122
G124.16	4	EPNES	84305	751.0	25.80353832244873	122
G124.16	4	EPNES	60670	752.0	18.801826238632202	126
G124.16	4	EPNES	66329	750.0	20.423471927642822	110
G124.16	4	EPNES	58036	748.0	17.93684720993042	111
G124.16	4	EPNES	64770	743.0	20.07036781311035	127
G124.16	4	EPNES	99234	756.0	30.255028247833252	133
G124.16	4	EPNES	53394	746.0	16.544682025909424	114
G124.16	4	EPNES	73470	752.0	22.501815795898438	119
G124.16	4	EPNES	60450	750.0	18.6061053276062	109
G124.16	4	EPNES	49948	747.0	15.572057247161865	116
G250.01	2	BF	39002	65.0	3.4634997844696045	53
G250.01	2	BF	49257	64.0	4.326202392578125	60
G250.01	2	BF	39041	60.0	3.3999438285827637	71
G250.01	2	BF	56566	50.0	4.969451189041138	100
G250.01	2	BF	42352	63.0	3.744767904281616	71
G250.01	2	BF	43319	64.0	3.84151291847229	64
G250.01	2	BF	85187	57.0	7.478074550628662	76
G250.01	2	BF	54890	54.0	4.833982467651367	84
G250.01	2	BF	42630	66.0	3.787057876586914	56
G250.01	2	BF	40295	62.0	3.5315184593200684	78
G250.01	2	G	500032	60.0	44.315550327301025	30
G250.01	2	G	437528	73.0	39.04459571838379	26
G250.01	2	G	484406	69.0	42.83699011802673	29
G250.01	2	G	515658	70.0	45.76297450065613	31
G250.01	2	G	390650	63.0	34.51751708984375	23
G250.01	2	G	500032	59.0	44.22010803222656	30
G250.01	2	G	390650	69.0	34.614359855651855	23
G250.01	2	G	453154	56.0	39.974672079086304	27
G250.01	2	G	484406	65.0	42.94301509857178	29
G250.01	2	G	531284	61.0	46.978150367736816	32
G250.01	2	EBF	52642	52.0	4.648660182952881	81
G250.01	2	EBF	49121	62.0	4.362146377563477	83
G250.01	2	EBF	47855	70.0	4.259005069732666	64
G250.01	2	EBF	38184	65.0	3.3705496788024902	71
G250.01	2	EBF	58772	60.0	5.207243919372559	77
G250.01	2	EBF	39710	57.0	3.5230910778045654	89
G250.01	2	EBF	39639	60.0	3.5229811668395996	78
G250.01	2	EBF	47089	61.0	4.174474477767944	63
G250.01	2	EBF	38319	61.0	3.3897347450256348	73
G250.01	2	EBF	40902	66.0	3.649083137512207	77
G250.01	2	EG	515658	63.0	46.070608377456665	31
G250.01	2	EG	468780	62.0	41.94951248168945	28
G250.01	2	EG	453154	61.0	40.289530992507935	27
G250.01	2	EG	578162	58.0	51.80674982070923	35
G250.01	2	EG	500032	59.0	44.72246599197388	30
G250.01	2	EG	593788	59.0	53.17480516433716	36
G250.01	2	EG	500032	55.0	44.77475380897522	30
G250.01	2	EG	625000	45.0	55.81591320037842	38
G250.01	2	EG	609414	60.0	54.712923526763916	37
G250.01	2	EG	593788	51.0	53.212703466415405	36
G250.01	2	ES	64368	57.0	5.8665759563446045	79
G250.01	2	ES	68317	71.0	6.206969499588013	59
G250.01	2	ES	64798	70.0	5.890799045562744	63
G250.01	2	ES	91022	64.0	8.198541402816772	70
G250.01	2	ES	131721	50.0	12.08629298210144	76
G250.01	2	ES	37447	66.0	3.315107822418213	63
G250.01	2	ES	40071	50.0	3.5232701301574707	81
G250.01	2	ES	67503	62.0	6.124746322631836	82
G250.01	2	ES	70687	64.0	6.41780161857605	64
G250.01	2	ES	48792	63.0	4.303215503692627	63
G250.01	2	EPNES	87579	62.0	8.331451892852783	68
G250.01	2	EPNES	67138	55.0	6.670482158660889	90
G250.01	2	EPNES	39731	58.0	4.122796297073364	68
G250.01	2	EPNES	41369	58.0	4.310739517211914	77
G250.01	2	EPNES	42037	51.0	4.465664863586426	86
G250.01	2	EPNES	46995	62.0	4.794558525085449	74
G250.01	2	EPNES	45489	65.0	4.548070430755615	63
G250.01	2	EPNES	38946	70.0	4.073477268218994	70
G250.01	2	EPNES	45586	53.0	4.783691644668579	83
G250.01	2	EPNES	76101	66.0	7.283129692077637	65
G250.01	3	BF	75594	79.0	6.762238264083862	96
G250.01	3	BF	70073	83.0	6.288434982299805	93
G250.01	3	BF	64110	81.0	5.702625274658203	119
G250.01	3	BF	66012	88.0	5.9566428661346436	105
G250.01	3	BF	63954	85.0	5.727149724960327	113
G250.01	3	BF	64485	96.0	5.810096263885498	96
G250.01	3	BF	79225	84.0	7.132596015930176	117
G250.01	3	BF	84187	79.0	7.558872222900391	104
G250.01	3	BF	66454	80.0	5.92867374420166	94
G250.01	3	BF	85581	86.0	7.721849203109741	105
G250.01	3	G	625002	113.0	57.86223030090332	30
G250.01	3	G	625002	110.0	57.6004958152771	30
G250.01	3	G	625002	108.0	58.58346366882324	30
G250.01	3	G	625002	105.0	57.8385648727417	30
G250.01	3	G	625002	109.0	57.754162311553955	30
G250.01	3	G	625002	108.0	57.81548476219177	30
G250.01	3	G	625002	107.0	57.49988269805908	30
G250.01	3	G	625002	106.0	57.574450731277466	30
G250.01	3	G	625002	110.0	57.6638662815094	30
G250.01	3	G	625002	115.0	57.83615565299988	30
G250.01	3	EBF	61603	86.0	5.569233417510986	100
G250.01	3	EBF	69585	90.0	6.310589790344238	99
G250.01	3	EBF	60392	80.0	5.458667755126953	103
G250.01	3	EBF	73194	86.0	6.645591735839844	109
G250.01	3	EBF	59988	91.0	5.438803195953369	100
G250.01	3	EBF	84659	84.0	7.603025913238525	96
G250.01	3	EBF	69293	86.0	6.283733129501343	91
G250.01	3	EBF	85040	77.0	7.6522040367126465	119
G250.01	3	EBF	95364	88.0	8.599807262420654	106
G250.01	3	EBF	73002	84.0	6.589696645736694	118
G250.01	3	EG	625002	110.0	58.36169242858887	30
G250.01	3	EG	625002	109.0	58.17862415313721	30
G250.01	3	EG	625002	107.0	57.90077519416809	30
G250.01	3	EG	625002	108.0	58.06019735336304	30
G250.01	3	EG	625002	103.0	57.87753701210022	30
G250.01	3	EG	625002	110.0	58.11147856712341	30
G250.01	3	EG	625002	108.0	57.8909649848938	30
G250.01	3	EG	625002	103.0	58.22521948814392	30
G250.01	3	EG	625002	109.0	58.26821994781494	30
G250.01	3	EG	625002	102.0	57.97793745994568	30
G250.01	3	ES	250723	86.0	23.953939199447632	107
G250.01	3	ES	264944	82.0	25.433669328689575	107
G250.01	3	ES	205847	91.0	19.482283353805542	89
G250.01	3	ES	89959	78.0	8.05082368850708	112
G250.01	3	ES	127309	89.0	11.599107503890991	100
G250.01	3	ES	82086	84.0	7.309757232666016	104
G250.01	3	ES	69921	91.0	6.30795693397522	100
G250.01	3	ES	67626	94.0	6.094637870788574	92
G250.01	3	ES	119015	84.0	10.848280429840088	97
G250.01	3	ES	66200	85.0	5.933378219604492	82
G250.01	3	EPNES	112565	87.0	11.52914547920227	103
G250.01	3	EPNES	94807	83.0	10.052959442138672	107
G250.01	3	EPNES	63946	94.0	7.061464548110962	91
G250.01	3	EPNES	69386	84.0	7.761356592178345	108
G250.01	3	EPNES	94725	87.0	9.889665842056274	97
G250.01	3	EPNES	64014	90.0	7.045501232147217	89
G250.01	3	EPNES	96056	83.0	10.103405237197876	110
G250.01	3	EPNES	89309	79.0	9.548462152481079	111
G250.01	3	EPNES	64977	81.0	7.409772634506226	108
G250.01	3	EPNES	87070	86.0	9.296595335006714	103
G250.01	4	BF	133456	95.0	12.034785270690918	138
G250.01	4	BF	93857	100.0	8.558418989181519	118
G250.01	4	BF	122656	97.0	11.080254316329956	117
G250.01	4	BF	74695	95.0	6.789534330368042	129
G250.01	4	BF	69719	112.0	6.355347394943237	110
G250.01	4	BF	131052	94.0	11.861061096191406	122
G250.01	4	BF	143081	90.0	12.88499402999878	126
G250.01	4	BF	90930	100.0	8.293861627578735	120
G250.01	4	BF	87175	105.0	7.9308998584747314	107
G250.01	4	BF	77972	109.0	7.05445408821106	125
G250.01	4	G	625002	145.0	59.2309033870697	27
G250.01	4	G	625002	139.0	59.363555908203125	27
G250.01	4	G	625002	151.0	59.12985420227051	27
G250.01	4	G	625002	152.0	59.78070545196533	27
G250.01	4	G	625002	142.0	59.1323606967926	27
G250.01	4	G	625002	142.0	59.250444412231445	27
G250.01	4	G	625002	143.0	59.291709661483765	27
G250.01	4	G	625002	148.0	59.507259368896484	27
G250.01	4	G	625002	148.0	59.769882917404175	27
G250.01	4	G	625002	145.0	59.530616760253906	27
G250.01	4	EBF	182175	104.0	16.475930213928223	128
G250.01	4	EBF	156082	100.0	14.16560697555542	115
G250.01	4	EBF	138630	101.0	12.616355180740356	109
G250.01	4	EBF	96646	96.0	8.785537481307983	123
G250.01	4	EBF	105613	97.0	9.655776977539062	130
G250.01	4	EBF	102078	104.0	9.296428203582764	112
G250.01	4	EBF	109218	107.0	10.002365827560425	121
G250.01	4	EBF	80280	101.0	7.316426038742065	118
G250.01	4	EBF	124111	98.0	11.276929378509521	129
G250.01	4	EBF	90951	103.0	8.324209451675415	126
G250.01	4	EG	625002	135.0	59.28843855857849	27
G250.01	4	EG	625002	154.0	59.95767784118652	27
G250.01	4	EG	625002	141.0	59.9057731628418	27
G250.01	4	EG	625002	135.0	59.35113859176636	27
G250.01	4	EG	625002	152.0	60.76507377624512	27
G250.01	4	EG	625002	141.0	59.91681170463562	27
G250.01	4	EG	625002	145.0	60.25496983528137	27
G250.01	4	EG	625002	144.0	60.01320171356201	27
G250.01	4	EG	625002	146.0	59.81294775009155	27
G250.01	4	EG	625002	140.0	59.82156205177307	27
G250.01	4	ES	85980	97.0	7.753799676895142	122
G250.01	4	ES	118873	108.0	10.99000096321106	117
G250.01	4	ES	152219	91.0	13.685195207595825	124
G250.01	4	ES	135690	97.0	12.25806975364685	118
G250.01	4	ES	101696	92.0	9.192578315734863	130
G250.01	4	ES	102753	107.0	9.569270372390747	99
G250.01	4	ES	88636	90.0	8.060014247894287	122
G250.01	4	ES	128645	99.0	11.871589660644531	120
G250.01	4	ES	84812	106.0	7.689337968826294	113
G250.01	4	ES	125251	94.0	11.315595626831055	123
G250.01	4	EPNES	101634	105.0	11.116419315338135	100
G250.01	4	EPNES	90392	102.0	10.266878128051758	113
G250.01	4	EPNES	191576	92.0	19.58013105392456	134
G250.01	4	EPNES	93106	103.0	10.508960962295532	111
G250.01	4	EPNES	80819	107.0	9.409828901290894	115
G250.01	4	EPNES	110279	102.0	12.341414451599121	126
G250.01	4	EPNES	69948	110.0	8.358935117721558	112
G250.01	4	EPNES	72132	103.0	8.69678783416748	115
G250.01	4	EPNES	94775	115.0	10.548786878585815	105
G250.01	4	EPNES	156845	91.0	16.303941011428833	117
G250.02	2	BF	50291	138.0	7.258972883224487	107
G250.02	2	BF	36626	143.0	5.300798416137695	83
G250.02	2	BF	90521	150.0	13.192594051361084	113
G250.02	2	BF	53045	143.0	7.666386842727661	114
G250.02	2	BF	79010	149.0	11.454855918884277	98
G250.02	2	BF	119069	144.0	17.193223237991333	108
G250.02	2	BF	47673	154.0	6.921977758407593	87
G250.02	2	BF	97092	138.0	13.85714077949524	95
G250.02	2	BF	100034	147.0	14.47688341140747	103
G250.02	2	BF	96344	155.0	14.11612319946289	98
G250.02	2	G	546910	147.0	80.88614249229431	33
G250.02	2	G	625002	153.0	93.21387648582458	40
G250.02	2	G	593788	144.0	87.57632541656494	36
G250.02	2	G	593788	144.0	87.91636610031128	36
G250.02	2	G	625002	149.0	93.13921999931335	40
G250.02	2	G	531284	150.0	78.5627326965332	32
G250.02	2	G	609414	146.0	90.31467175483704	37
G250.02	2	G	562536	149.0	83.48996591567993	34
G250.02	2	G	625002	153.0	93.72345185279846	40
G250.02	2	G	484406	160.0	72.05718350410461	29
G250.02	2	EBF	40156	151.0	5.836297273635864	125
G250.02	2	EBF	40108	153.0	5.8131186962127686	92
G250.02	2	EBF	53991	149.0	7.8872599601745605	89
G250.02	2	EBF	118423	144.0	17.196508169174194	122
G250.02	2	EBF	73237	150.0	10.709458351135254	100
G250.02	2	EBF	42130	140.0	6.122561693191528	114
G250.02	2	EBF	43022	143.0	6.242812156677246	102
G250.02	2	EBF	55007	133.0	7.8611345291137695	106
G250.02	2	EBF	81132	150.0	11.73338794708252	109
G250.02	2	EBF	104088	148.0	15.063915252685547	95
G250.02	2	EG	625001	134.0	92.33090233802795	39
G250.02	2	EG	625002	145.0	92.56427478790283	40
G250.02	2	EG	609414	151.0	91.13285827636719	37
G250.02	2	EG	546910	156.0	81.74333262443542	33
G250.02	2	EG	625001	149.0	92.89516878128052	39
G250.02	2	EG	609414	148.0	90.7614996433258	37
G250.02	2	EG	609414	152.0	90.62132835388184	37
G250.02	2	EG	609414	146.0	90.60869717597961	37
G250.02	2	EG	593788	146.0	88.7035903930664	36
G250.02	2	EG	453154	165.0	67.4746413230896	27
G250.02	2	ES	177370	141.0	25.73670983314514	115
G250.02	2	ES	187792	159.0	28.01395297050476	94
G250.02	2	ES	187277	140.0	28.00373077392578	123
G250.02	2	ES	41786	145.0	6.044968366622925	104
G250.02	2	ES	90177	148.0	13.338009357452393	93
G250.02	2	ES	87867	150.0	13.463196754455566	95
G250.02	2	ES	81498	154.0	12.522873163223267	98
G250.02	2	ES	102637	153.0	15.377333641052246	101
G250.02	2	ES	117953	145.0	18.074041604995728	96
G250.02	2	ES	62834	143.0	9.076675653457642	99
G250.02	2	EPNES	131038	145.0	19.957966804504395	108
G250.02	2	EPNES	174302	130.0	25.879737615585327	101
G250.02	2	EPNES	173563	146.0	26.05092430114746	101
G250.02	2	EPNES	43314	137.0	6.9444520473480225	84
G250.02	2	EPNES	69550	148.0	10.895899057388306	97
G250.02	2	EPNES	58587	144.0	9.390167236328125	99
G250.02	2	EPNES	36756	153.0	6.024525165557861	79
G250.02	2	EPNES	71732	147.0	11.312082767486572	110
G250.02	2	EPNES	66255	145.0	10.509931325912476	100
G250.02	2	EPNES	59079	155.0	9.377315282821655	91
G250.02	3	BF	120730	206.0	18.246543169021606	137
G250.02	3	BF	113763	216.0	17.36881995201111	136
G250.02	3	BF	216278	198.0	32.91020631790161	148
G250.02	3	BF	139108	217.0	21.42722797393799	145
G250.02	3	BF	136616	216.0	20.869022130966187	129
G250.02	3	BF	79165	206.0	12.003228187561035	126
G250.02	3	BF	189537	204.0	28.919761419296265	157
G250.02	3	BF	202271	209.0	30.614984035491943	144
G250.02	3	BF	251324	197.0	38.06959795951843	161
G250.02	3	BF	132989	194.0	19.963761568069458	167
G250.02	3	G	625002	252.0	98.39075636863708	30
G250.02	3	G	625002	246.0	98.21426057815552	30
G250.02	3	G	625002	257.0	98.61717534065247	30
G250.02	3	G	625002	267.0	98.77631330490112	30
G250.02	3	G	625002	257.0	98.353994846344	30
G250.02	3	G	625002	256.0	98.67378973960876	30
G250.02	3	G	625002	255.0	98.71194553375244	30
G250.02	3	G	625002	257.0	98.43965125083923	30
G250.02	3	G	625002	250.0	98.18861889839172	30
G250.02	3	G	625002	251.0	97.99469685554504	30
G250.02	3	EBF	177791	207.0	27.280470848083496	160
G250.02	3	EBF	122865	212.0	18.82314920425415	144
G250.02	3	EBF	120205	218.0	18.42888379096985	118
G250.02	3	EBF	212309	204.0	32.39064121246338	157
G250.02	3	EBF	235174	201.0	35.83499193191528	166
G250.02	3	EBF	109037	211.0	16.772408962249756	137
G250.02	3	EBF	204909	186.0	31.01724863052368	180
G250.02	3	EBF	216468	218.0	33.01870918273926	132
G250.02	3	EBF	209457	207.0	31.90963625907898	151
G250.02	3	EBF	177050	209.0	27.250721216201782	122
G250.02	3	EG	625002	259.0	98.81174683570862	30
G250.02	3	EG	625002	258.0	99.09618830680847	30
G250.02	3	EG	625002	255.0	99.48389029502869	30
G250.02	3	EG	625002	254.0	98.94552421569824	30
G250.02	3	EG	625002	249.0	98.73434853553772	30
G250.02	3	EG	625002	249.0	98.9418306350708	30
G250.02	3	EG	625002	259.0	98.8954336643219	30
G250.02	3	EG	625002	260.0	99.0092601776123	30
G250.02	3	EG	625002	256.0	98.7946445941925	30
G250.02	3	EG	625002	245.0	98.68851256370544	30
G250.02	3	ES	156604	195.0	23.968444108963013	152
G250.02	3	ES	101058	208.0	15.371244430541992	141
G250.02	3	ES	194077	206.0	29.320330381393433	151
G250.02	3	ES	266338	212.0	40.530251026153564	135
G250.02	3	ES	158470	210.0	24.41427183151245	143
G250.02	3	ES	157613	212.0	24.196640014648438	135
G250.02	3	ES	213699	208.0	33.59570121765137	136
G250.02	3	ES	263674	210.0	40.7507004737854	138
G250.02	3	ES	121070	215.0	18.337541580200195	128
G250.02	3	ES	109541	210.0	16.695802927017212	128
G250.02	3	EPNES	257179	202.0	41.34990882873535	154
G250.02	3	EPNES	156174	208.0	25.66113543510437	139
G250.02	3	EPNES	160154	201.0	26.39792799949646	158
G250.02	3	EPNES	102806	214.0	17.40119504928589	128
G250.02	3	EPNES	142990	211.0	23.822476863861084	156
G250.02	3	EPNES	144128	199.0	23.59879446029663	135
G250.02	3	EPNES	114846	212.0	19.378353357315063	145
G250.02	3	EPNES	212630	202.0	34.53092336654663	163
G250.02	3	EPNES	283487	199.0	45.43202996253967	156
G250.02	3	EPNES	249024	211.0	39.98021388053894	154
G250.02	4	BF	317577	237.0	49.107624769210815	189
G250.02	4	BF	165741	250.0	25.834094047546387	160
G250.02	4	BF	241452	236.0	37.519702434539795	173
G250.02	4	BF	270862	241.0	42.35493493080139	162
G250.02	4	BF	272694	238.0	42.157246112823486	165
G250.02	4	BF	178366	236.0	27.635733366012573	172
G250.02	4	BF	172059	238.0	26.601054668426514	164
G250.02	4	BF	164100	255.0	25.521429777145386	155
G250.02	4	BF	144895	248.0	22.605849504470825	163
G250.02	4	BF	236575	254.0	37.010205030441284	157
G250.02	4	G	625002	312.0	100.05847024917603	27
G250.02	4	G	625002	325.0	100.31926202774048	27
G250.02	4	G	625002	308.0	99.83518409729004	27
G250.02	4	G	625002	307.0	100.13776350021362	27
G250.02	4	G	625002	315.0	99.93854832649231	27
G250.02	4	G	625002	327.0	100.283123254776	27
G250.02	4	G	625002	306.0	99.91782760620117	27
G250.02	4	G	625002	316.0	100.1926577091217	27
G250.02	4	G	625002	317.0	99.9242148399353	27
G250.02	4	G	625002	319.0	100.06743025779724	27
G250.02	4	EBF	191951	247.0	30.39817500114441	169
G250.02	4	EBF	282170	246.0	43.84597396850586	158
G250.02	4	EBF	169610	248.0	26.430267572402954	167
G250.02	4	EBF	139306	239.0	21.575125217437744	159
G250.02	4	EBF	239490	240.0	37.46191215515137	183
G250.02	4	EBF	388810	247.0	61.15718173980713	161
G250.02	4	EBF	250238	236.0	38.95485043525696	178
G250.02	4	EBF	220161	243.0	34.409024238586426	173
G250.02	4	EBF	324956	227.0	50.9621524810791	185
G250.02	4	EBF	283664	234.0	44.09597849845886	169
G250.02	4	EG	625002	311.0	100.37706971168518	27
G250.02	4	EG	625002	312.0	100.68185448646545	27
G250.02	4	EG	625002	312.0	100.37958645820618	27
G250.02	4	EG	625002	319.0	100.52253746986389	27
G250.02	4	EG	625002	322.0	100.51227521896362	27
G250.02	4	EG	625002	312.0	100.53590059280396	27
G250.02	4	EG	625002	321.0	100.80801558494568	27
G250.02	4	EG	625002	323.0	100.548987865448	27
G250.02	4	EG	625002	319.0	100.847820520401	27
G250.02	4	EG	625002	309.0	100.68805575370789	27
G250.02	4	ES	213487	241.0	33.364585876464844	159
G250.02	4	ES	274761	251.0	43.05351257324219	154
G250.02	4	ES	179570	234.0	27.76332449913025	177
G250.02	4	ES	218501	238.0	34.090423345565796	162
G250.02	4	ES	356412	237.0	55.461095094680786	176
G250.02	4	ES	283554	240.0	44.148385763168335	160
G250.02	4	ES	300984	228.0	46.534239053726196	172
G250.02	4	ES	286115	245.0	44.853238582611084	162
G250.02	4	ES	226114	255.0	35.34947466850281	146
G250.02	4	ES	129538	246.0	20.215485095977783	167
G250.02	4	EPNES	141419	248.0	24.76220679283142	167
G250.02	4	EPNES	257309	236.0	43.089587688446045	183
G250.02	4	EPNES	242875	256.0	40.42390465736389	157
G250.02	4	EPNES	277513	234.0	45.80681920051575	168
G250.02	4	EPNES	235537	239.0	39.74604606628418	171
G250.02	4	EPNES	242386	242.0	40.71417212486267	172
G250.02	4	EPNES	303106	227.0	50.633193492889404	193
G250.02	4	EPNES	288599	245.0	47.56313514709473	161
G250.02	4	EPNES	117431	247.0	20.97188973426819	169
G250.02	4	EPNES	177389	231.0	30.114588737487793	164
G250.04	2	BF	86184	387.0	25.540403604507446	136
G250.04	2	BF	107253	388.0	31.73048210144043	136
G250.04	2	BF	113376	385.0	33.62637948989868	148
G250.04	2	BF	75629	400.0	22.505709886550903	131
G250.04	2	BF	131668	384.0	39.00488209724426	123
G250.04	2	BF	55309	419.0	16.518314361572266	116
G250.04	2	BF	80135	401.0	23.92169213294983	121
G250.04	2	BF	64361	420.0	19.2192325592041	112
G250.04	2	BF	51228	405.0	15.236319065093994	124
G250.04	2	BF	47218	402.0	14.130868673324585	119
G250.04	2	G	625002	414.0	187.09660840034485	40
G250.04	2	G	625002	405.0	187.60009789466858	40
G250.04	2	G	625002	398.0	187.6834259033203	40
G250.04	2	G	625002	395.0	187.3263702392578	40
G250.04	2	G	625002	400.0	186.84456849098206	40
G250.04	2	G	625002	419.0	186.8247036933899	40
G250.04	2	G	593788	411.0	178.32316327095032	36
G250.04	2	G	593788	406.0	177.9152021408081	36
G250.04	2	G	625002	410.0	188.49221515655518	40
G250.04	2	G	625000	405.0	187.65933656692505	38
G250.04	2	EBF	90067	379.0	26.689733266830444	138
G250.04	2	EBF	136618	386.0	40.64399456977844	140
G250.04	2	EBF	145736	376.0	43.23447847366333	150
G250.04	2	EBF	106581	391.0	31.82328510284424	105
G250.04	2	EBF	123793	379.0	36.75472712516785	136
G250.04	2	EBF	104814	395.0	31.20936369895935	141
G250.04	2	EBF	81909	396.0	24.347654104232788	135
G250.04	2	EBF	79128	389.0	23.672049283981323	138
G250.04	2	EBF	97375	408.0	29.045819520950317	129
G250.04	2	EBF	159561	396.0	47.64338731765747	132
G250.04	2	EG	625002	418.0	188.25664806365967	40
G250.04	2	EG	625002	403.0	187.08902525901794	40
G250.04	2	EG	625002	406.0	187.28809142112732	40
G250.04	2	EG	625000	414.0	186.90738105773926	38
G250.04	2	EG	625002	414.0	187.23098516464233	40
G250.04	2	EG	625002	402.0	186.59184956550598	40
G250.04	2	EG	625002	405.0	187.11631178855896	40
G250.04	2	EG	593788	418.0	177.59737610816956	36
G250.04	2	EG	625002	403.0	187.23388528823853	40
G250.04	2	EG	625002	418.0	187.4498586654663	40
G250.04	2	ES	90380	399.0	26.812864542007446	138
G250.04	2	ES	105733	411.0	31.847153186798096	113
G250.04	2	ES	117191	400.0	34.84454321861267	113
G250.04	2	ES	63143	410.0	18.70344638824463	100
G250.04	2	ES	73657	400.0	21.705608129501343	133
G250.04	2	ES	55689	406.0	16.454686880111694	119
G250.04	2	ES	136974	388.0	40.449209690093994	135
G250.04	2	ES	150779	399.0	44.79893088340759	142
G250.04	2	ES	57616	399.0	17.00497031211853	110
G250.04	2	ES	163632	408.0	48.32070446014404	127
G250.04	2	EPNES	66085	403.0	20.707191705703735	118
G250.04	2	EPNES	64656	407.0	20.239797353744507	115
G250.04	2	EPNES	61656	379.0	19.390104055404663	119
G250.04	2	EPNES	53425	384.0	16.969921350479126	122
G250.04	2	EPNES	86501	407.0	26.823405742645264	126
G250.04	2	EPNES	87902	399.0	27.25659465789795	139
G250.04	2	EPNES	80255	396.0	24.919452667236328	125
G250.04	2	EPNES	147034	389.0	44.729955196380615	147
G250.04	2	EPNES	97469	414.0	29.964154958724976	103
G250.04	2	EPNES	83790	388.0	25.88491654396057	117
G250.04	3	BF	231371	536.0	70.60544276237488	216
G250.04	3	BF	232249	529.0	70.68545985221863	216
G250.04	3	BF	134800	547.0	41.09843134880066	183
G250.04	3	BF	191609	550.0	58.40251135826111	188
G250.04	3	BF	177117	553.0	54.09958553314209	175
G250.04	3	BF	198270	547.0	60.58949565887451	200
G250.04	3	BF	106484	545.0	32.44538974761963	199
G250.04	3	BF	139375	561.0	42.6423876285553	178
G250.04	3	BF	229945	553.0	70.35820746421814	205
G250.04	3	BF	111583	570.0	34.112916231155396	171
G250.04	3	G	625002	626.0	193.32659125328064	30
G250.04	3	G	625002	628.0	193.57654523849487	30
G250.04	3	G	625002	625.0	193.70804738998413	30
G250.04	3	G	625002	616.0	193.60523629188538	30
G250.04	3	G	625002	632.0	193.70650267601013	30
G250.04	3	G	625002	618.0	193.5780644416809	30
G250.04	3	G	625002	636.0	193.59145951271057	30
G250.04	3	G	625002	641.0	194.01808881759644	30
G250.04	3	G	625002	645.0	193.81192827224731	30
G250.04	3	G	625002	627.0	193.39136028289795	30
G250.04	3	EBF	97261	562.0	29.786956310272217	194
G250.04	3	EBF	120965	546.0	36.939353227615356	188
G250.04	3	EBF	120582	537.0	36.70006990432739	202
G250.04	3	EBF	173986	550.0	53.24154710769653	196
G250.04	3	EBF	176027	534.0	53.757466316223145	202
G250.04	3	EBF	232149	539.0	70.87228727340698	216
G250.04	3	EBF	174868	542.0	53.665645360946655	191
G250.04	3	EBF	258467	536.0	78.74934673309326	196
G250.04	3	EBF	166261	563.0	51.017234563827515	171
G250.04	3	EBF	199943	536.0	60.9953179359436	172
G250.04	3	EG	625002	657.0	194.15804386138916	30
G250.04	3	EG	625002	632.0	194.47174096107483	30
G250.04	3	EG	625002	636.0	193.99898219108582	30
G250.04	3	EG	625002	644.0	194.822124004364	30
G250.04	3	EG	625002	626.0	193.85684275627136	30
G250.04	3	EG	625002	629.0	193.88747191429138	30
G250.04	3	EG	625002	637.0	193.78080677986145	30
G250.04	3	EG	625002	630.0	193.61007809638977	30
G250.04	3	EG	625002	621.0	194.25638723373413	30
G250.04	3	EG	625002	639.0	194.404447555542	30
G250.04	3	ES	239378	545.0	73.01298451423645	194
G250.04	3	ES	371671	549.0	113.5493392944336	199
G250.04	3	ES	221640	570.0	68.0766453742981	163
G250.04	3	ES	248793	564.0	76.92965650558472	191
G250.04	3	ES	185627	538.0	57.14667105674744	196
G250.04	3	ES	329316	539.0	101.25481343269348	197
G250.04	3	ES	297318	562.0	91.57456994056702	186
G250.04	3	ES	198859	558.0	60.99610900878906	181
G250.04	3	ES	199876	552.0	61.07693147659302	183
G250.04	3	ES	178936	545.0	54.611055850982666	191
G250.04	3	EPNES	204913	541.0	65.67957019805908	199
G250.04	3	EPNES	208323	542.0	66.66355228424072	210
G250.04	3	EPNES	248156	542.0	78.52200555801392	187
G250.04	3	EPNES	261489	534.0	82.92033505439758	211
G250.04	3	EPNES	145295	551.0	47.46006917953491	198
G250.04	3	EPNES	215633	554.0	68.77766966819763	187
G250.04	3	EPNES	275796	548.0	87.13627743721008	181
G250.04	3	EPNES	183826	553.0	59.09161949157715	193
G250.04	3	EPNES	150874	571.0	48.67515254020691	166
G250.04	3	EPNES	135392	563.0	44.22833561897278	177
G250.04	4	BF	315175	632.0	97.13126516342163	224
G250.04	4	BF	197902	642.0	61.12593102455139	205
G250.04	4	BF	228013	660.0	70.66453289985657	188
G250.04	4	BF	421935	621.0	130.3010048866272	246
G250.04	4	BF	319576	619.0	98.61240839958191	248
G250.04	4	BF	271352	637.0	84.02546405792236	233
G250.04	4	BF	258024	619.0	79.57725429534912	232
G250.04	4	BF	286646	638.0	88.63907480239868	235
G250.04	4	BF	265126	632.0	81.93612933158875	221
G250.04	4	BF	157333	636.0	48.541301250457764	225
G250.04	4	G	625002	758.0	194.70366644859314	27
G250.04	4	G	625002	761.0	194.63886404037476	27
G250.04	4	G	625002	760.0	194.88561415672302	27
G250.04	4	G	625002	768.0	194.7862310409546	27
G250.04	4	G	625002	772.0	194.7701632976532	27
G250.04	4	G	625002	753.0	194.67006039619446	27
G250.04	4	G	625002	759.0	194.54573583602905	27
G250.04	4	G	625002	769.0	194.88156270980835	27
G250.04	4	G	625002	763.0	195.04836082458496	27
G250.04	4	G	625002	754.0	195.02979588508606	27
G250.04	4	EBF	192837	628.0	59.77725291252136	236
G250.04	4	EBF	415184	628.0	128.51964211463928	228
G250.04	4	EBF	396460	621.0	122.8527946472168	221
G250.04	4	EBF	328798	638.0	101.96442675590515	227
G250.04	4	EBF	312375	637.0	96.80948662757874	204
G250.04	4	EBF	315322	636.0	97.63275337219238	233
G250.04	4	EBF	388685	611.0	120.29887628555298	245
G250.04	4	EBF	323079	637.0	100.03564238548279	218
G250.04	4	EBF	176872	634.0	54.71431922912598	230
G250.04	4	EBF	220928	653.0	68.52052879333496	193
G250.04	4	EG	625002	768.0	195.40466237068176	27
G250.04	4	EG	625002	786.0	195.35928750038147	27
G250.04	4	EG	625002	754.0	195.11008954048157	27
G250.04	4	EG	625002	759.0	195.686208486557	27
G250.04	4	EG	625002	786.0	195.33506894111633	27
G250.04	4	EG	625002	741.0	195.21189308166504	27
G250.04	4	EG	625002	758.0	195.02474641799927	27
G250.04	4	EG	625002	761.0	195.62215566635132	27
G250.04	4	EG	625002	765.0	195.37378883361816	27
G250.04	4	EG	625002	754.0	195.5522801876068	27
G250.04	4	ES	420977	629.0	130.0526750087738	217
G250.04	4	ES	169237	649.0	52.3816933631897	206
G250.04	4	ES	288028	642.0	89.12214851379395	212
G250.04	4	ES	289098	643.0	89.28884768486023	210
G250.04	4	ES	241558	638.0	74.87800216674805	194
G250.04	4	ES	286409	638.0	88.62364363670349	221
G250.04	4	ES	112976	654.0	35.104910373687744	183
G250.04	4	ES	468115	626.0	147.1682801246643	233
G250.04	4	ES	369058	617.0	114.63555908203125	216
G250.04	4	ES	206546	651.0	64.31346487998962	205
G250.04	4	EPNES	368235	639.0	119.07152557373047	230
G250.04	4	EPNES	209152	641.0	69.09111976623535	212
G250.04	4	EPNES	317206	634.0	102.60873651504517	213
G250.04	4	EPNES	118055	643.0	40.60009741783142	199
G250.04	4	EPNES	268366	632.0	87.78072261810303	233
G250.04	4	EPNES	222638	645.0	73.40225005149841	213
G250.04	4	EPNES	245787	630.0	80.71000123023987	211
G250.04	4	EPNES	202813	638.0	67.174001455307	213
G250.04	4	EPNES	196629	648.0	65.25062966346741	214
G250.04	4	EPNES	268322	636.0	87.43672347068787	221
G250.08	2	BF	120636	877.0	66.43230104446411	149
G250.08	2	BF	193105	856.0	106.03111124038696	166
G250.08	2	BF	105704	853.0	58.10371994972229	137
G250.08	2	BF	63141	861.0	34.753846645355225	174
G250.08	2	BF	67417	886.0	37.07272815704346	134
G250.08	2	BF	123205	883.0	67.830157995224	140
G250.08	2	BF	80446	861.0	44.287572622299194	165
G250.08	2	BF	73381	882.0	40.39927124977112	144
G250.08	2	BF	140586	864.0	77.32368278503418	161
G250.08	2	BF	114478	867.0	62.97389245033264	177
G250.08	2	G	625002	893.0	346.64765787124634	40
G250.08	2	G	625002	895.0	345.6839473247528	40
G250.08	2	G	625002	882.0	345.4173495769501	40
G250.08	2	G	625002	885.0	345.63886046409607	40
G250.08	2	G	625002	896.0	343.89786529541016	40
G250.08	2	G	625002	874.0	343.7285165786743	40
G250.08	2	G	625002	895.0	344.1614441871643	40
G250.08	2	G	625002	895.0	343.7909700870514	40
G250.08	2	G	625002	881.0	356.25577187538147	40
G250.08	2	G	625002	889.0	360.8440217971802	40
G250.08	2	EBF	79514	888.0	45.035282135009766	126
G250.08	2	EBF	88091	872.0	48.30467224121094	195
G250.08	2	EBF	85285	861.0	46.68800759315491	143
G250.08	2	EBF	113509	890.0	62.15311646461487	130
G250.08	2	EBF	150767	864.0	82.63258719444275	145
G250.08	2	EBF	162182	845.0	88.83085894584656	209
G250.08	2	EBF	122089	885.0	66.89153409004211	134
G250.08	2	EBF	79824	871.0	43.73033165931702	152
G250.08	2	EBF	137918	869.0	75.65252995491028	195
G250.08	2	EBF	192256	851.0	105.26753997802734	149
G250.08	2	EG	625002	891.0	345.46098828315735	40
G250.08	2	EG	625002	885.0	366.0024449825287	40
G250.08	2	EG	625002	908.0	362.03443479537964	40
G250.08	2	EG	625002	888.0	361.4848074913025	40
G250.08	2	EG	625002	892.0	375.7337820529938	40
G250.08	2	EG	625001	887.0	362.7862150669098	39
G250.08	2	EG	625002	887.0	361.46240282058716	40
G250.08	2	EG	625002	909.0	359.6176357269287	40
G250.08	2	EG	625002	904.0	357.74714612960815	40
G250.08	2	EG	625002	896.0	357.812136888504	40
G250.08	2	ES	155742	869.0	88.73077511787415	147
G250.08	2	ES	62645	868.0	35.64264178276062	161
G250.08	2	ES	65807	855.0	35.93596386909485	179
G250.08	2	ES	190736	878.0	104.32174515724182	147
G250.08	2	ES	84504	884.0	46.15122103691101	157
G250.08	2	ES	200587	892.0	110.61384129524231	152
G250.08	2	ES	143381	868.0	78.6627676486969	154
G250.08	2	ES	140563	867.0	76.70770716667175	145
G250.08	2	ES	164691	874.0	89.81668400764465	152
G250.08	2	ES	138686	871.0	76.14216303825378	155
G250.08	2	EPNES	115910	896.0	65.17633366584778	142
G250.08	2	EPNES	94203	878.0	53.71944308280945	178
G250.08	2	EPNES	164858	885.0	92.09048891067505	163
G250.08	2	EPNES	135909	903.0	75.8747045993805	127
G250.08	2	EPNES	69820	874.0	40.27938485145569	169
G250.08	2	EPNES	81046	879.0	46.103103160858154	132
G250.08	2	EPNES	196719	871.0	109.71032381057739	186
G250.08	2	EPNES	71612	883.0	41.4091157913208	153
G250.08	2	EPNES	108204	873.0	61.034528732299805	155
G250.08	2	EPNES	111120	891.0	62.71769857406616	158
G250.08	3	BF	250639	1191.0	141.1018967628479	233
G250.08	3	BF	301731	1178.0	169.53688621520996	231
G250.08	3	BF	320774	1188.0	180.58202409744263	235
G250.08	3	BF	201836	1186.0	113.42099332809448	203
G250.08	3	BF	247571	1203.0	139.39927077293396	211
G250.08	3	BF	217752	1170.0	122.4431164264679	254
G250.08	3	BF	145042	1210.0	81.59321069717407	203
G250.08	3	BF	252282	1202.0	142.1397557258606	202
G250.08	3	BF	153557	1183.0	86.36590147018433	245
G250.08	3	BF	260507	1195.0	146.73453664779663	236
G250.08	3	G	625002	1319.0	353.4944112300873	30
G250.08	3	G	625002	1301.0	353.29334783554077	30
G250.08	3	G	625002	1338.0	353.60476636886597	30
G250.08	3	G	625002	1330.0	353.576922416687	30
G250.08	3	G	625002	1291.0	353.4769480228424	30
G250.08	3	G	625002	1297.0	353.1361634731293	30
G250.08	3	G	625002	1302.0	353.37015557289124	30
G250.08	3	G	625002	1315.0	353.76942563056946	30
G250.08	3	G	625002	1317.0	353.0369198322296	30
G250.08	3	G	625002	1342.0	353.54700660705566	30
G250.08	3	EBF	216264	1197.0	121.92172265052795	232
G250.08	3	EBF	185055	1217.0	104.62499690055847	221
G250.08	3	EBF	300371	1202.0	169.2852659225464	233
G250.08	3	EBF	251965	1181.0	142.1485471725464	239
G250.08	3	EBF	244301	1212.0	138.06808018684387	223
G250.08	3	EBF	183224	1181.0	103.40750217437744	234
G250.08	3	EBF	227224	1210.0	128.353933095932	202
G250.08	3	EBF	141390	1198.0	79.80246925354004	199
G250.08	3	EBF	249152	1186.0	140.60580945014954	240
G250.08	3	EBF	212969	1206.0	120.38753890991211	233
G250.08	3	EG	625002	1313.0	354.5152471065521	30
G250.08	3	EG	625002	1337.0	354.4571394920349	30
G250.08	3	EG	625002	1328.0	354.28227853775024	30
G250.08	3	EG	625002	1303.0	354.1191713809967	30
G250.08	3	EG	625002	1310.0	357.66823506355286	30
G250.08	3	EG	625002	1301.0	356.85199880599976	30
G250.08	3	EG	625002	1330.0	356.2973780632019	30
G250.08	3	EG	625002	1319.0	355.9090087413788	30
G250.08	3	EG	625002	1288.0	354.3575403690338	30
G250.08	3	EG	625002	1320.0	354.518123626709	30
G250.08	3	ES	323587	1183.0	182.3060531616211	219
G250.08	3	ES	246945	1216.0	139.21489119529724	201
G250.08	3	ES	406575	1169.0	228.7592649459839	229
G250.08	3	ES	252625	1212.0	142.73563241958618	222
G250.08	3	ES	246874	1189.0	139.19561171531677	224
G250.08	3	ES	358012	1187.0	202.32834267616272	235
G250.08	3	ES	271401	1214.0	153.37016892433167	208
G250.08	3	ES	230858	1211.0	130.0659577846527	229
G250.08	3	ES	207856	1209.0	118.20532822608948	219
G250.08	3	ES	269305	1214.0	151.85472631454468	202
G250.08	3	EPNES	419537	1181.0	256.94482421875	234
G250.08	3	EPNES	276565	1214.0	168.44675540924072	198
G250.08	3	EPNES	220668	1201.0	135.83524990081787	222
G250.08	3	EPNES	200170	1199.0	123.70790982246399	211
G250.08	3	EPNES	147970	1215.0	92.20466876029968	208
G250.08	3	EPNES	127868	1212.0	80.34006834030151	213
G250.08	3	EPNES	303992	1197.0	184.42125058174133	206
G250.08	3	EPNES	223728	1217.0	137.39195561408997	209
G250.08	3	EPNES	183832	1190.0	112.98937106132507	201
G250.08	3	EPNES	191327	1212.0	117.92840480804443	208
G250.08	4	BF	192384	1377.0	114.77612495422363	245
G250.08	4	BF	439083	1388.0	261.79764556884766	264
G250.08	4	BF	288378	1380.0	172.01249408721924	248
G250.08	4	BF	357432	1385.0	213.208003282547	261
G250.08	4	BF	226840	1361.0	135.22569346427917	260
G250.08	4	BF	330338	1380.0	195.00532865524292	265
G250.08	4	BF	209821	1388.0	119.35802721977234	213
G250.08	4	BF	116257	1408.0	66.16493535041809	231
G250.08	4	BF	289851	1372.0	167.20910048484802	269
G250.08	4	BF	439001	1358.0	259.65340781211853	274
G250.08	4	G	625002	1594.0	362.8579761981964	27
G250.08	4	G	625002	1557.0	360.8191692829132	27
G250.08	4	G	625002	1532.0	360.9211595058441	27
G250.08	4	G	625002	1552.0	372.73515367507935	27
G250.08	4	G	625002	1542.0	376.4325590133667	27
G250.08	4	G	625002	1551.0	375.0264914035797	27
G250.08	4	G	625002	1518.0	373.5278334617615	27
G250.08	4	G	625002	1540.0	373.7842688560486	27
G250.08	4	G	625002	1559.0	369.93587470054626	27
G250.08	4	G	625002	1556.0	356.58231258392334	27
G250.08	4	EBF	346249	1374.0	197.91040635108948	291
G250.08	4	EBF	363387	1371.0	207.67731094360352	281
G250.08	4	EBF	270198	1379.0	154.3692126274109	243
G250.08	4	EBF	389359	1383.0	222.40386629104614	261
G250.08	4	EBF	175402	1382.0	99.69349455833435	259
G250.08	4	EBF	272565	1376.0	154.9547929763794	211
G250.08	4	EBF	333609	1374.0	189.49137377738953	294
G250.08	4	EBF	501383	1348.0	284.54688262939453	302
G250.08	4	EBF	391988	1374.0	222.81985640525818	299
G250.08	4	EBF	401229	1388.0	227.8342092037201	256
G250.08	4	EG	625002	1576.0	355.16591119766235	27
G250.08	4	EG	625002	1534.0	355.303555727005	27
G250.08	4	EG	625002	1564.0	355.0860574245453	27
G250.08	4	EG	625002	1540.0	355.01378774642944	27
G250.08	4	EG	625002	1554.0	355.0055696964264	27
G250.08	4	EG	625002	1533.0	355.52192544937134	27
G250.08	4	EG	625002	1560.0	355.0064220428467	27
G250.08	4	EG	625002	1545.0	355.2863631248474	27
G250.08	4	EG	625002	1568.0	355.0060818195343	27
G250.08	4	EG	625002	1540.0	354.8548505306244	27
G250.08	4	ES	437687	1369.0	248.09570026397705	245
G250.08	4	ES	527141	1367.0	298.72015833854675	278
G250.08	4	ES	551285	1352.0	312.4802179336548	293
G250.08	4	ES	315359	1395.0	178.87360978126526	271
G250.08	4	ES	312118	1374.0	176.97375392913818	258
G250.08	4	ES	564252	1369.0	320.3258261680603	265
G250.08	4	ES	625001	1380.0	354.76725220680237	270
G250.08	4	ES	351637	1379.0	201.67867064476013	276
G250.08	4	ES	483890	1359.0	274.77669644355774	274
G250.08	4	ES	271403	1376.0	154.18696451187134	232
G250.08	4	EPNES	423735	1384.0	246.88121938705444	267
G250.08	4	EPNES	454199	1387.0	264.2698812484741	272
G250.08	4	EPNES	465283	1373.0	269.8307716846466	246
G250.08	4	EPNES	389799	1368.0	227.2681713104248	266
G250.08	4	EPNES	371384	1375.0	217.1162292957306	268
G250.08	4	EPNES	301917	1370.0	177.12895274162292	247
G250.08	4	EPNES	327480	1370.0	192.04482126235962	268
G250.08	4	EPNES	335807	1389.0	196.41856908798218	246
G250.08	4	EPNES	311471	1366.0	183.21696281433105	271
G250.08	4	EPNES	280311	1380.0	165.48497104644775	275
G500.01	2	BF	777379	290.0	235.8500270843506	207
G500.01	2	BF	505896	273.0	152.76271438598633	239
G500.01	2	BF	231487	299.0	70.36660051345825	190
G500.01	2	BF	203727	300.0	61.70228815078735	175
G500.01	2	BF	520454	305.0	158.26600861549377	201
G500.01	2	BF	350092	295.0	106.15585923194885	188
G500.01	2	BF	414120	289.0	125.92073178291321	213
G500.01	2	BF	207598	292.0	63.0073447227478	217
G500.01	2	BF	328991	299.0	99.82174563407898	191
G500.01	2	BF	498281	287.0	150.4048011302948	223
G500.01	2	G	2500002	369.0	783.2497553825378	40
G500.01	2	G	2500002	364.0	780.269073009491	40
G500.01	2	G	2500002	381.0	782.4781982898712	40
G500.01	2	G	2500002	370.0	779.3638634681702	40
G500.01	2	G	2500002	385.0	781.1755061149597	40
G500.01	2	G	2500002	373.0	782.7568578720093	40
G500.01	2	G	2500002	373.0	815.2767548561096	40
G500.01	2	G	2500002	335.0	807.7768731117249	40
G500.01	2	G	2500002	383.0	803.9440186023712	40
G500.01	2	G	2500002	362.0	776.086104631424	40
G500.01	2	EBF	555753	306.0	169.19201278686523	204
G500.01	2	EBF	260254	300.0	78.98211812973022	176
G500.01	2	EBF	406315	282.0	123.00313425064087	233
G500.01	2	EBF	465374	280.0	140.6157922744751	226
G500.01	2	EBF	260902	294.0	79.20424199104309	203
G500.01	2	EBF	302911	290.0	91.69762134552002	196
G500.01	2	EBF	570543	284.0	173.4954059123993	225
G500.01	2	EBF	349393	283.0	105.78659629821777	224
G500.01	2	EBF	246683	307.0	75.11832857131958	210
G500.01	2	EBF	209227	317.0	63.59276270866394	187
G500.01	2	EG	2500002	367.0	779.2485365867615	40
G500.01	2	EG	2500002	363.0	781.0633347034454	40
G500.01	2	EG	2500002	362.0	778.5794589519501	40
G500.01	2	EG	2500002	375.0	781.0202171802521	40
G500.01	2	EG	2500002	387.0	782.1283311843872	40
G500.01	2	EG	2500002	362.0	777.8900947570801	40
G500.01	2	EG	2500002	365.0	779.7259895801544	40
G500.01	2	EG	2500002	379.0	780.765704870224	40
G500.01	2	EG	2500002	382.0	782.8779344558716	40
G500.01	2	EG	2500002	374.0	780.9454231262207	40
G500.01	2	ES	452235	280.0	139.56646633148193	223
G500.01	2	ES	396623	302.0	121.9147093296051	194
G500.01	2	ES	223060	292.0	67.5090126991272	181
G500.01	2	ES	344764	310.0	105.56226992607117	188
G500.01	2	ES	619188	303.0	189.28075313568115	207
G500.01	2	ES	275730	284.0	84.4041051864624	206
G500.01	2	ES	236208	307.0	72.60611653327942	214
G500.01	2	ES	574499	290.0	173.51090598106384	196
G500.01	2	ES	358971	289.0	108.4387571811676	193
G500.01	2	ES	341252	289.0	103.6279547214508	212
G500.01	2	EPNES	292288	297.0	95.75163054466248	217
G500.01	2	EPNES	249428	300.0	82.62360715866089	213
G500.01	2	EPNES	214771	302.0	71.37195825576782	182
G500.01	2	EPNES	384834	293.0	123.34957456588745	215
G500.01	2	EPNES	441312	297.0	140.4591019153595	198
G500.01	2	EPNES	432585	286.0	138.69312143325806	196
G500.01	2	EPNES	531753	303.0	169.28393006324768	202
G500.01	2	EPNES	375897	305.0	121.46368837356567	201
G500.01	2	EPNES	183396	310.0	62.042531967163086	186
G500.01	2	EPNES	518877	307.0	163.13923001289368	168
G500.01	3	BF	421466	426.0	132.12517189979553	271
G500.01	3	BF	329238	420.0	102.36298370361328	278
G500.01	3	BF	413381	422.0	129.3036859035492	271
G500.01	3	BF	564326	427.0	176.83844661712646	292
G500.01	3	BF	342610	391.0	106.95364475250244	300
G500.01	3	BF	793841	397.0	247.00834822654724	304
G500.01	3	BF	580821	404.0	180.33738660812378	264
G500.01	3	BF	756081	415.0	235.5903615951538	260
G500.01	3	BF	299017	423.0	93.35878419876099	268
G500.01	3	BF	424306	409.0	132.06695318222046	273
G500.01	3	G	2500002	613.0	805.320556640625	30
G500.01	3	G	2500002	587.0	804.256637096405	30
G500.01	3	G	2500002	594.0	805.5704748630524	30
G500.01	3	G	2500002	615.0	807.1242823600769	30
G500.01	3	G	2500002	603.0	805.3686804771423	30
G500.01	3	G	2500002	634.0	807.8481292724609	30
G500.01	3	G	2500002	617.0	804.6194224357605	30
G500.01	3	G	2500002	604.0	805.540055513382	30
G500.01	3	G	2500002	632.0	806.4451112747192	30
G500.01	3	G	2500002	618.0	804.8182923793793	30
G500.01	3	EBF	672814	413.0	210.34564900398254	301
G500.01	3	EBF	596736	432.0	187.08492279052734	270
G500.01	3	EBF	515959	405.0	161.26468777656555	301
G500.01	3	EBF	560749	417.0	175.81204271316528	320
G500.01	3	EBF	701873	410.0	219.32675099372864	295
G500.01	3	EBF	1322665	405.0	413.3157217502594	284
G500.01	3	EBF	844957	417.0	263.9055550098419	288
G500.01	3	EBF	361897	413.0	113.59671521186829	288
G500.01	3	EBF	365588	431.0	114.44692468643188	269
G500.01	3	EBF	577916	413.0	180.02414441108704	280
G500.01	3	EG	2500002	595.0	808.1537353992462	30
G500.01	3	EG	2500002	621.0	806.8142395019531	30
G500.01	3	EG	2500002	608.0	807.7168965339661	30
G500.01	3	EG	2500002	625.0	808.0102944374084	30
G500.01	3	EG	2500002	609.0	808.6224205493927	30
G500.01	3	EG	2500002	599.0	807.3212549686432	30
G500.01	3	EG	2500002	616.0	809.0505700111389	30
G500.01	3	EG	2500002	604.0	808.6469395160675	30
G500.01	3	EG	2500002	609.0	806.517166852951	30
G500.01	3	EG	2500002	623.0	808.5563583374023	30
G500.01	3	ES	874908	397.0	274.2156000137329	272
G500.01	3	ES	558137	425.0	174.45060443878174	277
G500.01	3	ES	476353	403.0	148.9766345024109	272
G500.01	3	ES	727677	420.0	234.0671329498291	285
G500.01	3	ES	529784	407.0	169.151935338974	301
G500.01	3	ES	421821	446.0	132.69772624969482	254
G500.01	3	ES	367334	421.0	114.91976428031921	250
G500.01	3	ES	754800	420.0	235.3829905986786	257
G500.01	3	ES	560796	419.0	174.87084484100342	275
G500.01	3	ES	741032	415.0	232.58466243743896	296
G500.01	3	EPNES	426577	417.0	148.22710013389587	280
G500.01	3	EPNES	802932	417.0	265.72962403297424	274
G500.01	3	EPNES	895903	400.0	295.11025071144104	294
G500.01	3	EPNES	753518	411.0	252.08868837356567	297
G500.01	3	EPNES	541341	437.0	183.21464729309082	260
G500.01	3	EPNES	386359	419.0	135.63645362854004	264
G500.01	3	EPNES	682534	409.0	228.20581459999084	298
G500.01	3	EPNES	677471	398.0	226.68954873085022	288
G500.01	3	EPNES	1187195	392.0	386.86899399757385	299
G500.01	3	EPNES	1052684	399.0	345.49947237968445	295
G500.01	4	BF	1126468	494.0	360.1356987953186	343
G500.01	4	BF	1236663	463.0	393.506552696228	358
G500.01	4	BF	1371209	480.0	433.78272008895874	329
G500.01	4	BF	1343932	501.0	427.0043320655823	294
G500.01	4	BF	935694	473.0	297.4073598384857	365
G500.01	4	BF	1238187	470.0	391.5462956428528	353
G500.01	4	BF	1244859	469.0	393.38762307167053	343
G500.01	4	BF	622871	480.0	197.7049436569214	346
G500.01	4	BF	1139351	470.0	360.01423692703247	362
G500.01	4	BF	907096	469.0	287.12639236450195	339
G500.01	4	G	2500002	727.0	812.4904956817627	27
G500.01	4	G	2500002	735.0	835.5058970451355	27
G500.01	4	G	2500002	726.0	865.374719619751	27
G500.01	4	G	2500002	748.0	844.2342207431793	27
G500.01	4	G	2500002	735.0	852.0136086940765	27
G500.01	4	G	2500002	750.0	834.7368340492249	27
G500.01	4	G	2500002	729.0	855.8423278331757	27
G500.01	4	G	2500002	723.0	830.2461097240448	27
G500.01	4	G	2500002	740.0	828.4589796066284	27
G500.01	4	G	2500002	719.0	826.8723177909851	27
G500.01	4	EBF	539537	480.0	172.02588033676147	338
G500.01	4	EBF	713311	498.0	227.29039406776428	314
G500.01	4	EBF	1020070	487.0	324.7057113647461	349
G500.01	4	EBF	664402	499.0	211.73354506492615	333
G500.01	4	EBF	517829	470.0	164.75866651535034	347
G500.01	4	EBF	978211	509.0	313.1469111442566	325
G500.01	4	EBF	1013441	490.0	322.50989508628845	347
G500.01	4	EBF	1243697	465.0	395.0396478176117	367
G500.01	4	EBF	748794	492.0	238.94946265220642	330
G500.01	4	EBF	1427332	486.0	453.26142477989197	342
G500.01	4	EG	2500002	757.0	816.3884990215302	27
G500.01	4	EG	2500002	731.0	815.3303580284119	27
G500.01	4	EG	2500002	754.0	815.4656534194946	27
G500.01	4	EG	2500002	737.0	816.2739288806915	27
G500.01	4	EG	2500002	743.0	815.5301158428192	27
G500.01	4	EG	2500002	730.0	816.1170575618744	27
G500.01	4	EG	2500002	742.0	815.7736265659332	27
G500.01	4	EG	2500002	749.0	816.2654755115509	27
G500.01	4	EG	2500002	738.0	816.14621758461	27
G500.01	4	EG	2500002	749.0	816.2153151035309	27
G500.01	4	ES	1438617	462.0	455.8161509037018	359
G500.01	4	ES	897136	476.0	285.99164032936096	349
G500.01	4	ES	895688	481.0	285.76772022247314	323
G500.01	4	ES	1362244	498.0	436.97848415374756	316
G500.01	4	ES	648868	498.0	209.58446598052979	316
G500.01	4	ES	831283	502.0	267.38536739349365	320
G500.01	4	ES	1452784	487.0	464.83313512802124	347
G500.01	4	ES	1351482	485.0	433.50197434425354	316
G500.01	4	ES	801074	493.0	255.9710910320282	320
G500.01	4	ES	1045155	471.0	334.24870228767395	343
G500.01	4	EPNES	544699	492.0	195.98055696487427	296
G500.01	4	EPNES	907025	478.0	315.4933109283447	350
G500.01	4	EPNES	816338	487.0	284.0612757205963	322
G500.01	4	EPNES	892264	475.0	309.81654167175293	334
G500.01	4	EPNES	562045	489.0	202.56811261177063	313
G500.01	4	EPNES	908213	475.0	314.90350341796875	343
G500.01	4	EPNES	1723507	460.0	576.6603662967682	365
G500.01	4	EPNES	790038	467.0	280.58734607696533	351
G500.01	4	EPNES	1178968	481.0	403.82897567749023	331
G500.01	4	EPNES	1389092	480.0	466.63988423347473	329
